label_pred,row_index
Staff,3246
Staff,6327
Staff,3088
Care received,5457
Miscellaneous,1279
Care received,343
Couldn't be improved,9604
Couldn't be improved,8788
Communication,4926
Care received,3281
Transition/coordination,6777
Care received,7796
Environment/ facilities,1834
Miscellaneous,8259
Care received,3716
Care received,6818
Care received,4608
Staff,5074
Couldn't be improved,9405
Miscellaneous,6209
Staff,274
Couldn't be improved,9080
Couldn't be improved,6742
Environment/ facilities,1614
Staff,7649
Staff,1897
Staff,3089
Care received,239
Care received,6888
Dignity,3968
Care received,2006
Environment/ facilities,105
Couldn't be improved,9929
Access,4319
Care received,2776
Staff,7254
Staff,9960
Staff,5863
Care received,5474
Dignity,1184
Staff,5873
Transition/coordination,8676
Couldn't be improved,9185
Staff,3584
Couldn't be improved,9486
Care received,9667
Staff,8472
Care received,216
Staff,10179
Communication,6865
Communication,3380
Staff,7301
Care received,4658
Transition/coordination,93
Communication,8172
Environment/ facilities,5824
Care received,5735
Couldn't be improved,9444
Care received,823
Staff,5845
Access,4536
Staff,3928
Staff,7181
Staff,2264
Care received,4913
Staff,7140
Care received,3950
Couldn't be improved,4034
Environment/ facilities,8764
Care received,2008
Staff,1497
Access,383
Staff,6976
Access,464
Communication,5147
Staff,7211
Staff,7832
Communication,8349
Couldn't be improved,9801
Access,5196
Care received,1026
Environment/ facilities,321
Communication,5579
Staff,1943
Couldn't be improved,9783
Care received,5730
Care received,3455
Couldn't be improved,9587
Communication,3989
Communication,2422
Couldn't be improved,8482
Couldn't be improved,8053
Care received,5481
Environment/ facilities,551
Care received,4927
Staff,1837
Care received,1631
Care received,1308
Communication,4365
Environment/ facilities,8762
Care received,2921
Care received,5212
Staff,10299
Communication,4611
Care received,5477
Care received,6175
Staff,2319
Couldn't be improved,9806
Couldn't be improved,4089
Environment/ facilities,616
Care received,2448
Environment/ facilities,8585
Staff,2206
Couldn't be improved,6999
Staff,1775
Environment/ facilities,8366
Care received,1459
Couldn't be improved,9502
Care received,2202
Staff,2650
Access,10236
Care received,3644
Couldn't be improved,7117
Access,2016
Communication,4730
Environment/ facilities,272
Care received,5529
Staff,1693
Access,5321
Staff,3919
Staff,10093
Access,339
Communication,2345
Communication,2879
Staff,10090
Couldn't be improved,9153
Care received,3415
Dignity,4345
Care received,4308
Couldn't be improved,7065
Couldn't be improved,9259
Care received,165
Staff,4146
Care received,998
Care received,4015
Communication,797
Access,5305
Care received,1057
Environment/ facilities,7398
Staff,6581
Care received,1453
Staff,1938
Care received,2950
Staff,6510
Care received,5760
Dignity,69
Staff,8324
Couldn't be improved,4036
Staff,9865
Couldn't be improved,9084
Staff,2616
Care received,4935
Staff,2864
Care received,1268
Miscellaneous,8295
Staff,7177
Couldn't be improved,7046
Couldn't be improved,8802
Access,3204
Staff,2311
Care received,6570
Staff,7621
Care received,2636
Care received,1513
Care received,6491
Staff,7453
Communication,2454
Couldn't be improved,8494
Care received,2357
Care received,6971
Care received,5709
Environment/ facilities,10009
Access,682
Access,2550
Care received,5303
Environment/ facilities,4197
Staff,7283
Care received,1485
Care received,3551
Staff,7628
Care received,5907
Couldn't be improved,8857
Staff,1354
Care received,5532
Couldn't be improved,9626
Environment/ facilities,8360
Staff,10086
Care received,1805
Care received,145
Transition/coordination,859
Communication,2931
Care received,6637
Couldn't be improved,9358
Access,544
Care received,5484
Communication,3057
Care received,4941
Staff,8027
Care received,5908
Staff,3408
Care received,2588
Access,4737
Access,2434
Care received,7891
Environment/ facilities,8359
Couldn't be improved,8132
Care received,8526
Staff,2318
Environment/ facilities,2413
Care received,4515
Transition/coordination,4655
Care received,5475
Environment/ facilities,3886
Staff,7427
Staff,2015
Staff,6367
Staff,1397
Communication,1787
Care received,3496
Care received,6612
Access,8408
Staff,4517
Couldn't be improved,9416
Staff,10316
Couldn't be improved,7038
Care received,9952
Staff,1989
Environment/ facilities,410
Staff,1953
Communication,2906
Staff,756
Communication,5654
Couldn't be improved,7697
Care received,4749
Staff,6601
Couldn't be improved,8465
Couldn't be improved,7061
Care received,3666
Communication,6526
Communication,1902
Care received,8751
Care received,4584
Care received,1093
Care received,8572
Environment/ facilities,2290
Communication,1686
Care received,3303
Staff,1913
Dignity,571
Couldn't be improved,8500
Miscellaneous,8280
Couldn't be improved,2160
Communication,1177
Staff,6204
Environment/ facilities,729
Communication,1604
Staff,4834
Care received,7251
Care received,6804
Care received,3626
Couldn't be improved,9642
Staff,7443
Staff,10107
Staff,5976
Communication,4240
Care received,3169
Staff,4903
Staff,7661
Care received,4904
Couldn't be improved,4077
Miscellaneous,6421
Transition/coordination,10025
Staff,6074
Care received,8542
Couldn't be improved,8861
Staff,6707
Staff,8727
Care received,3458
Communication,2132
Staff,6907
Care received,4571
Environment/ facilities,10309
Environment/ facilities,4224
Staff,6058
Environment/ facilities,9896
Transition/coordination,7488
Couldn't be improved,874
Care received,8009
Environment/ facilities,7548
Couldn't be improved,9139
Environment/ facilities,759
Staff,3628
Care received,3086
Care received,2842
Staff,6391
Couldn't be improved,9407
Environment/ facilities,6767
Miscellaneous,8937
Staff,4867
Access,7858
Communication,1815
Care received,4642
Care received,8576
Care received,5100
Couldn't be improved,7089
Couldn't be improved,4118
Dignity,1109
Care received,4414
Care received,8331
Staff,8022
Staff,2312
Staff,5989
Staff,7311
Couldn't be improved,9419
Staff,2298
Staff,6120
Dignity,292
Staff,4660
Care received,3974
Couldn't be improved,8959
Transition/coordination,787
Couldn't be improved,9055
Care received,1247
Couldn't be improved,9352
Environment/ facilities,8555
Staff,7848
Staff,2340
Staff,5162
Care received,5519
Care received,3448
Care received,6249
Staff,7388
Dignity,8720
Care received,6713
Access,640
Staff,1252
Care received,10246
Communication,5347
Staff,2971
Staff,7187
Care received,1033
Staff,6284
Environment/ facilities,39
Care received,3520
Staff,7753
Couldn't be improved,8955
Transition/coordination,6967
Care received,6846
Care received,3378
Communication,2869
Staff,1292
Care received,7748
Couldn't be improved,4100
Communication,2278
Environment/ facilities,4967
Couldn't be improved,7078
Staff,6843
Dignity,577
Couldn't be improved,4091
Dignity,6798
Care received,2548
Miscellaneous,2303
Access,5541
Care received,6756
Communication,1957
Staff,8179
Couldn't be improved,9110
Couldn't be improved,7084
Couldn't be improved,9685
Miscellaneous,934
Transition/coordination,2122
Communication,10293
Staff,6239
Couldn't be improved,9634
Care received,3692
Staff,7910
Care received,4462
Care received,7505
Care received,4629
Communication,5806
Staff,2533
Care received,5490
Communication,8392
Communication,4291
Care received,6153
Environment/ facilities,5697
Staff,762
Care received,4296
Couldn't be improved,9505
Couldn't be improved,8907
Care received,4666
Couldn't be improved,8882
Staff,7823
Couldn't be improved,9767
Care received,4915
Environment/ facilities,1119
Care received,6854
Couldn't be improved,8815
Couldn't be improved,9572
Environment/ facilities,8625
Couldn't be improved,9380
Miscellaneous,8285
Environment/ facilities,4769
Care received,5119
Staff,1413
Staff,5275
Couldn't be improved,8982
Couldn't be improved,9828
Care received,3322
Environment/ facilities,10198
Care received,10306
Care received,6841
Staff,6200
Communication,2624
Miscellaneous,6396
Couldn't be improved,9489
Care received,10308
Couldn't be improved,9245
Staff,5243
Environment/ facilities,8620
Staff,7455
Care received,5277
Staff,728
Care received,2589
Couldn't be improved,9285
Communication,995
Environment/ facilities,408
Couldn't be improved,717
Staff,2391
Communication,5142
Environment/ facilities,922
Couldn't be improved,9484
Access,549
Care received,6878
Care received,6125
Transition/coordination,5322
Transition/coordination,10067
Communication,5929
Care received,3881
Care received,7703
Staff,1998
Couldn't be improved,9267
Care received,6638
Miscellaneous,6413
Care received,276
Access,8174
Care received,7490
Couldn't be improved,7057
Staff,3347
Couldn't be improved,431
Staff,5882
Communication,569
Access,138
Environment/ facilities,6975
Care received,2530
Care received,10138
Staff,1078
Care received,4023
Miscellaneous,8267
Environment/ facilities,7291
Communication,6383
Care received,1210
Miscellaneous,541
Staff,5606
Couldn't be improved,9342
Care received,3673
Care received,8507
Staff,6339
Staff,10101
Couldn't be improved,8859
Care received,6520
Care received,3407
Couldn't be improved,9739
Care received,6717
Care received,7274
Communication,8530
Care received,3106
Couldn't be improved,9946
Access,8604
Care received,5191
Care received,4027
Staff,8250
Couldn't be improved,8994
Care received,7790
Access,10169
Transition/coordination,1120
Care received,5901
Staff,7890
Couldn't be improved,9548
Care received,8532
Care received,3562
Transition/coordination,1572
Staff,7294
Staff,4496
Transition/coordination,8218
Staff,5995
Staff,2255
Couldn't be improved,9863
Communication,2610
Staff,967
Care received,5488
Care received,70
Couldn't be improved,9584
Couldn't be improved,8971
Care received,6618
Staff,1145
Access,5320
Care received,7787
Transition/coordination,3185
Care received,6499
Staff,6234
Staff,1273
Staff,6119
Access,1402
Environment/ facilities,10295
Communication,3290
Staff,7479
Environment/ facilities,8602
Communication,3555
Communication,5588
Environment/ facilities,8228
Couldn't be improved,8795
Care received,5000
Care received,3870
Staff,2504
Staff,3129
Environment/ facilities,10119
Miscellaneous,1942
Care received,3537
Access,5787
Care received,2546
Couldn't be improved,9520
Care received,1039
Staff,2569
Communication,2447
Communication,1665
Care received,3590
Communication,5238
Staff,4358
Couldn't be improved,1001
Care received,6231
Staff,10261
Couldn't be improved,681
Couldn't be improved,9446
Couldn't be improved,622
Dignity,67
Dignity,4042
Care received,2663
Couldn't be improved,9434
Access,7900
Couldn't be improved,4102
Transition/coordination,2473
Care received,2669
Communication,8641
Care received,964
Communication,1728
Staff,6688
Couldn't be improved,8824
Couldn't be improved,7039
Staff,6095
Staff,4829
Transition/coordination,2421
Staff,7597
Care received,1110
Environment/ facilities,1980
Staff,5635
Care received,6670
Care received,1835
Staff,2490
Communication,5341
Couldn't be improved,9905
Care received,1867
Staff,6716
Care received,1347
Communication,2559
Couldn't be improved,9833
Staff,5996
Care received,6516
Staff,4505
Care received,7934
Care received,1674
Communication,2499
Care received,3133
Access,7299
Staff,662
Couldn't be improved,9105
Staff,6848
Care received,1983
Staff,7302
Care received,3573
Staff,3675
Care received,6642
Care received,1899
Staff,4508
Care received,4600
Miscellaneous,3047
Care received,3352
Staff,8509
Care received,7894
Care received,1698
Environment/ facilities,3392
Couldn't be improved,9601
Staff,7580
Couldn't be improved,9842
Care received,4889
Couldn't be improved,9360
Environment/ facilities,8180
Staff,2810
Communication,2095
Staff,9879
Staff,5896
Couldn't be improved,9890
Care received,8484
Couldn't be improved,6724
Care received,5778
Staff,1582
Staff,2334
Care received,5720
Care received,384
Dignity,2497
Care received,5005
Couldn't be improved,8817
Miscellaneous,938
Care received,952
Staff,2386
Care received,2765
Staff,3117
Staff,7762
Couldn't be improved,9725
Couldn't be improved,4121
Staff,3723
Environment/ facilities,8643
Couldn't be improved,7055
Care received,3312
Staff,6157
Care received,2633
Transition/coordination,8205
Care received,6953
Communication,2293
Miscellaneous,1303
Staff,1409
Care received,3213
Staff,6917
Environment/ facilities,10146
Care received,1276
Staff,8402
Environment/ facilities,10059
Care received,3697
Staff,3936
Couldn't be improved,818
Couldn't be improved,9082
Staff,6059
Care received,3653
Care received,6992
Care received,1727
Care received,8429
Dignity,176
Couldn't be improved,5786
Care received,4221
Staff,7866
Staff,5401
Couldn't be improved,4094
Environment/ facilities,4258
Care received,3503
Staff,2464
Couldn't be improved,9030
Staff,8600
Staff,7735
Staff,4025
Care received,5356
Staff,1304
Access,5849
Access,854
Couldn't be improved,8858
Couldn't be improved,9523
Couldn't be improved,9921
Care received,7278
Access,2667
Couldn't be improved,8976
Couldn't be improved,7156
Staff,8741
Transition/coordination,456
Care received,4718
Staff,1290
Communication,670
Environment/ facilities,8714
Dignity,8151
Care received,3107
Access,5792
Access,2065
Miscellaneous,6212
Care received,3140
Environment/ facilities,10194
Staff,1138
Staff,7618
Miscellaneous,2372
Care received,5617
Care received,4526
Couldn't be improved,9596
Staff,2737
Communication,522
Couldn't be improved,9750
Communication,3688
Access,4895
Staff,7747
Care received,2410
Care received,6800
Couldn't be improved,4095
Staff,4209
Staff,1900
Environment/ facilities,436
Care received,1241
Staff,2343
Care received,4309
Staff,4820
Access,7579
Couldn't be improved,831
Staff,7492
Access,2932
Care received,3770
Staff,2257
Staff,4431
Care received,3598
Care received,2949
Care received,7710
Staff,3795
Staff,7421
Care received,3596
Communication,1224
Staff,7770
Care received,5536
Staff,7561
Care received,5411
Communication,4626
Care received,5963
Care received,6644
Couldn't be improved,9042
Staff,159
Care received,567
Staff,10176
Care received,5368
Communication,7200
Staff,6388
Staff,4196
Care received,5974
Care received,1067
Staff,4771
Care received,3527
Communication,2876
Dignity,1244
Staff,6030
Couldn't be improved,9792
Staff,7404
Staff,2687
Staff,5396
Care received,8311
Couldn't be improved,9492
Staff,8397
Care received,3208
Care received,2291
Dignity,2922
Care received,3307
Staff,2521
Environment/ facilities,4958
Care received,10307
Care received,3813
Access,309
Care received,7839
Couldn't be improved,101
Care received,3657
Miscellaneous,3020
Care received,8112
Environment/ facilities,5698
Care received,3231
Care received,6815
Care received,288
Couldn't be improved,7127
Care received,3093
Care received,2253
Couldn't be improved,9445
Staff,4942
Staff,10073
Staff,521
Staff,7308
Dignity,1334
Couldn't be improved,9220
Care received,7964
Access,4164
Care received,1090
Staff,5190
Transition/coordination,618
Staff,4865
Care received,4355
Care received,3746
Staff,7176
Environment/ facilities,1356
Care received,2728
Couldn't be improved,9899
Environment/ facilities,7863
Care received,4234
Care received,1284
Couldn't be improved,0
Staff,1619
Care received,3784
Staff,6002
Communication,1694
Environment/ facilities,4261
Staff,5932
Couldn't be improved,9542
Access,4149
Communication,3606
Transition/coordination,10008
Care received,6970
Miscellaneous,3028
Staff,5511
Communication,4243
Couldn't be improved,9044
Staff,6513
Staff,2119
Environment/ facilities,7922
Staff,6352
Miscellaneous,8193
Couldn't be improved,8834
Staff,6949
Staff,8663
Staff,6166
Transition/coordination,3491
Environment/ facilities,8139
Care received,10142
Staff,6899
Environment/ facilities,8327
Staff,6572
Care received,3121
Care received,3920
Communication,2578
Care received,3975
Environment/ facilities,8726
Environment/ facilities,4304
Couldn't be improved,7118
Staff,6100
Staff,8035
Couldn't be improved,9466
Care received,3120
Staff,7366
Couldn't be improved,9247
Environment/ facilities,8369
Care received,1092
Care received,8752
Care received,2954
Care received,2256
Environment/ facilities,10018
Couldn't be improved,9249
Staff,4680
Staff,1108
Staff,3390
Care received,4938
Staff,467
Care received,4253
Communication,4673
Environment/ facilities,2999
Couldn't be improved,9570
Care received,8461
Staff,3249
Staff,4144
Couldn't be improved,869
Care received,3585
Couldn't be improved,9301
Staff,6652
Staff,1947
Communication,8709
Care received,2694
Care received,2037
Care received,4647
Staff,1343
Care received,4692
Care received,1446
Staff,6495
Staff,1023
Transition/coordination,6708
Staff,6000
Couldn't be improved,9662
Couldn't be improved,8836
Environment/ facilities,10276
Environment/ facilities,6610
Care received,6452
Staff,2101
Staff,7766
Care received,1711
Staff,1995
Staff,7648
Staff,9956
Staff,927
Care received,3575
Care received,7709
Couldn't be improved,8980
Access,4215
Couldn't be improved,9413
Dignity,244
Care received,3531
Access,765
Couldn't be improved,8119
Couldn't be improved,9724
Miscellaneous,8258
Care received,6966
Staff,3403
Miscellaneous,8270
Communication,5681
Couldn't be improved,9388
Access,4194
Care received,1917
Staff,8373
Communication,2532
Couldn't be improved,9194
Communication,4003
Care received,5466
Staff,4024
Care received,3032
Communication,1449
Communication,1437
Staff,3958
Care received,704
Staff,7464
Staff,1795
Staff,7909
Dignity,4325
Staff,7660
Care received,3577
Care received,3825
Couldn't be improved,758
Couldn't be improved,574
Care received,332
Staff,9965
Staff,5451
Staff,8505
Staff,3003
Couldn't be improved,9318
Communication,726
Environment/ facilities,553
Care received,4762
Care received,2031
Staff,8242
Staff,2274
Care received,2622
Care received,1919
Staff,5811
Access,112
Care received,3131
Care received,346
Transition/coordination,2138
Environment/ facilities,4409
Couldn't be improved,9821
Staff,6580
Staff,5939
Couldn't be improved,7031
Couldn't be improved,7107
Staff,1804
Access,570
Staff,4512
Couldn't be improved,62
Environment/ facilities,1309
Staff,5604
Transition/coordination,4174
Couldn't be improved,139
Care received,6879
Staff,5157
Care received,3387
Care received,5281
Communication,1896
Couldn't be improved,9473
Couldn't be improved,9429
Care received,3348
Care received,2327
Care received,3284
Care received,5187
Staff,8071
Miscellaneous,999
Couldn't be improved,9304
Couldn't be improved,9252
Care received,5555
Care received,4766
Couldn't be improved,7977
Staff,7706
Communication,1445
Care received,1416
Environment/ facilities,4787
Care received,2654
Care received,4949
Environment/ facilities,10144
Staff,6608
Staff,1439
Communication,5576
Care received,5788
Staff,7757
Staff,5777
Staff,5980
Transition/coordination,3759
Care received,3171
Staff,7379
Care received,3339
Staff,6820
Couldn't be improved,9676
Staff,7114
Communication,1191
Staff,4861
Communication,5594
Communication,5695
Couldn't be improved,9438
Care received,477
Staff,6598
Environment/ facilities,8093
Staff,8025
Couldn't be improved,7116
Communication,3592
Access,3683
Communication,2156
Care received,1683
Environment/ facilities,7261
Communication,950
Care received,7902
Staff,7362
Transition/coordination,7755
Access,598
Couldn't be improved,9711
Staff,4843
Environment/ facilities,8605
Couldn't be improved,8990
Staff,6502
Staff,6350
Communication,4327
Staff,1341
Couldn't be improved,195
Care received,7853
Couldn't be improved,9578
Access,1190
Couldn't be improved,9768
Care received,5339
Transition/coordination,8544
Access,4736
Couldn't be improved,9278
Communication,3800
Couldn't be improved,6998
Staff,5064
Staff,5779
Care received,2064
Care received,1337
Staff,7320
Care received,8669
Communication,5838
Care received,641
Staff,10187
Care received,9784
Communication,7874
Access,5216
Couldn't be improved,9459
Care received,4575
Care received,3013
Care received,5923
Staff,4968
Transition/coordination,777
Care received,2208
Staff,2349
Couldn't be improved,255
Environment/ facilities,4281
Staff,1408
Couldn't be improved,390
Communication,6246
Dignity,10233
Care received,5538
Care received,5745
Staff,3622
Care received,3747
Staff,1111
Care received,7930
Couldn't be improved,9260
Care received,3791
Transition/coordination,8210
Staff,1162
Access,289
Care received,5195
Environment/ facilities,4231
Environment/ facilities,8615
Couldn't be improved,9156
Transition/coordination,6719
Communication,1782
Couldn't be improved,9027
Access,172
Care received,8084
Staff,4582
Staff,7430
Dignity,8504
Care received,8336
Staff,6321
Care received,2282
Miscellaneous,1987
Couldn't be improved,9200
Couldn't be improved,8940
Couldn't be improved,9149
Care received,5455
Miscellaneous,6434
Couldn't be improved,4072
Care received,8758
Staff,6060
Care received,1085
Care received,1719
Couldn't be improved,9122
Communication,3982
Communication,2600
Staff,2560
Care received,4757
Care received,7792
Couldn't be improved,7000
Couldn't be improved,9125
Couldn't be improved,8895
Staff,6332
Communication,2154
Staff,6323
Care received,1829
Care received,5661
Care received,2478
Care received,2817
Care received,5918
Couldn't be improved,8924
Couldn't be improved,9106
Access,3849
Staff,10183
Environment/ facilities,4264
Staff,6918
Communication,727
Care received,6377
Couldn't be improved,8832
Staff,8755
Access,646
Couldn't be improved,9065
Care received,4625
Environment/ facilities,10278
Care received,5479
Communication,2538
Staff,5219
Communication,1394
Care received,5297
Dignity,10006
Couldn't be improved,9700
Care received,3471
Staff,2233
Communication,5572
Staff,1468
Transition/coordination,3694
Staff,2351
Care received,7717
Staff,1650
Environment/ facilities,8715
Staff,2836
Communication,5329
Care received,3501
Care received,4294
Care received,3618
Staff,3026
Couldn't be improved,7239
Communication,3354
Care received,5598
Care received,3221
Staff,6983
Care received,1187
Access,1167
Care received,2902
Couldn't be improved,8803
Couldn't be improved,8781
Staff,8296
Communication,1658
Communication,2090
Care received,10132
Staff,6588
Couldn't be improved,8840
Couldn't be improved,9366
Transition/coordination,7297
Care received,2686
Care received,3283
Staff,4717
Access,913
Staff,6680
Care received,1060
Staff,6690
Staff,7165
Care received,5422
Communication,3986
Environment/ facilities,174
Care received,6476
Care received,6871
Care received,4028
Care received,413
Staff,5853
Environment/ facilities,8085
Transition/coordination,5312
Care received,5253
Transition/coordination,1400
Staff,7336
Care received,3803
Staff,7195
Staff,6650
Care received,2174
Couldn't be improved,9332
Environment/ facilities,5725
Care received,2136
Couldn't be improved,9575
Care received,2855
Staff,9058
Environment/ facilities,2236
Care received,5707
Staff,7605
Care received,4389
Care received,2685
Environment/ facilities,9789
Care received,8589
Care received,4279
Staff,7174
Care received,6449
Staff,7669
Miscellaneous,6400
Couldn't be improved,9208
Care received,7958
Staff,7705
Environment/ facilities,8698
Couldn't be improved,8856
Transition/coordination,1374
Care received,7914
Care received,4493
Couldn't be improved,9372
Couldn't be improved,9925
Couldn't be improved,9531
Care received,2418
Staff,8246
Care received,27
Staff,7337
Staff,4744
Couldn't be improved,9226
Care received,5774
Care received,2859
Communication,3999
Care received,3827
Staff,6873
Care received,1406
Care received,3179
Staff,8240
Staff,2828
Care received,768
Communication,4624
Staff,7603
Care received,6634
Couldn't be improved,10218
Communication,3990
Staff,7696
Care received,6473
Care received,5456
Staff,5065
Care received,8059
Care received,6528
Care received,3876
Care received,3147
Care received,2693
Couldn't be improved,8471
Couldn't be improved,8844
Staff,3581
Miscellaneous,977
Care received,5449
Care received,4551
Staff,5805
Access,698
Communication,2053
Couldn't be improved,9715
Care received,4049
Staff,7185
Couldn't be improved,664
Care received,5988
Staff,7610
Transition/coordination,857
Staff,7225
Staff,4441
Environment/ facilities,8701
Couldn't be improved,7164
Transition/coordination,753
Couldn't be improved,7136
Miscellaneous,6433
Couldn't be improved,9141
Staff,1514
Care received,3162
Couldn't be improved,8830
Care received,322
Care received,6920
Care received,8989
Care received,2894
Environment/ facilities,3638
Couldn't be improved,9735
Staff,2151
Environment/ facilities,1558
Staff,3534
Transition/coordination,1620
Couldn't be improved,9235
Staff,2643
Environment/ facilities,3206
Couldn't be improved,8877
Care received,4388
Staff,7616
Care received,2757
Couldn't be improved,9465
Couldn't be improved,876
Care received,1733
Dignity,326
Care received,2435
Dignity,8942
Staff,5173
Couldn't be improved,8184
Care received,2749
Care received,2437
Communication,4322
Staff,5940
Care received,4353
Staff,5207
Communication,5593
Staff,1509
Staff,3941
Couldn't be improved,9375
Staff,5951
Staff,1113
Staff,7402
Care received,5550
Couldn't be improved,9889
Access,335
Communication,2099
Transition/coordination,1351
Access,8057
Care received,325
Staff,5116
Environment/ facilities,8197
Care received,4488
Couldn't be improved,9508
Couldn't be improved,156
Care received,8514
Care received,3571
Communication,5307
Staff,7215
Staff,1844
Staff,6796
Care received,1467
Care received,8658
Communication,5265
Environment/ facilities,10241
Care received,8412
Dignity,2252
Care received,2567
Staff,7209
Transition/coordination,5762
Environment/ facilities,6177
Staff,6384
Care received,5107
Staff,7201
Transition/coordination,3446
Environment/ facilities,8357
Couldn't be improved,9834
Couldn't be improved,8779
Staff,7655
Staff,1759
Staff,8977
Communication,3987
Care received,2877
Communication,1451
Miscellaneous,1802
Staff,5035
Environment/ facilities,10196
Staff,2801
Care received,3404
Environment/ facilities,10016
Access,5115
Transition/coordination,233
Communication,1168
Care received,4977
Staff,6310
Care received,7889
Care received,2035
Communication,2524
Couldn't be improved,6214
Transition/coordination,2553
Care received,4459
Staff,8233
Staff,7523
Care received,4712
Communication,8225
Couldn't be improved,4140
Staff,5875
Environment/ facilities,8147
Staff,2297
Staff,7462
Miscellaneous,8934
Care received,2891
Staff,2915
Environment/ facilities,2083
Care received,6292
Dignity,1209
Access,741
Care received,2517
Staff,6738
Staff,9795
Care received,7993
Transition/coordination,2759
Staff,3779
Care received,2396
Staff,6313
Care received,4983
Communication,3226
Couldn't be improved,9137
Care received,4750
Access,4339
Care received,2802
Care received,5897
Couldn't be improved,9736
Care received,4428
Staff,6372
Couldn't be improved,237
Staff,3225
Care received,3595
Staff,6711
Couldn't be improved,7001
Care received,1965
Staff,6168
Care received,3930
Access,3895
Staff,5382
Staff,5510
Care received,5299
Care received,4172
Staff,7743
Care received,4183
Care received,8431
Staff,7188
Communication,4331
Staff,2786
Miscellaneous,8943
Care received,5557
Care received,8340
Communication,2247
Transition/coordination,243
Couldn't be improved,9501
Couldn't be improved,9177
Staff,7314
Communication,2976
Communication,5636
Miscellaneous,8274
Care received,3502
Couldn't be improved,4096
Staff,7758
Care received,3097
Care received,5461
Dignity,2189
Care received,2360
Communication,5548
Staff,6477
Environment/ facilities,4452
Care received,10302
Care received,1285
Care received,531
Care received,2777
Staff,3058
Environment/ facilities,2223
Staff,1634
Care received,1130
Access,1918
Access,4540
Staff,7998
Care received,6695
Environment/ facilities,10013
Care received,1645
Environment/ facilities,839
Staff,7329
Staff,7322
Care received,4965
Environment/ facilities,80
Couldn't be improved,9357
Miscellaneous,3053
Staff,7433
Care received,6890
Care received,3497
Environment/ facilities,1469
Communication,1398
Communication,1552
Care received,3291
Couldn't be improved,9754
Care received,298
Couldn't be improved,819
Communication,3828
Couldn't be improved,9309
Access,4688
Staff,5179
Staff,1195
Couldn't be improved,9777
Staff,202
Environment/ facilities,372
Care received,5450
Staff,2323
Care received,4384
Dignity,1442
Staff,1952
Care received,2244
Care received,1822
Staff,5501
Care received,6925
Couldn't be improved,9772
Communication,3785
Care received,4252
Staff,4498
Staff,1213
Care received,3819
Staff,2489
Care received,7289
Care received,2481
Couldn't be improved,3207
Care received,3568
Transition/coordination,1621
Staff,7432
Staff,10095
Environment/ facilities,1638
Care received,6628
Staff,7357
Couldn't be improved,9844
Environment/ facilities,5761
Care received,7713
Care received,2684
Dignity,673
Communication,4909
Staff,5080
Access,10026
Communication,4905
Miscellaneous,8275
Couldn't be improved,8888
Dignity,5300
Couldn't be improved,4139
Communication,3853
Staff,7374
Environment/ facilities,480
Couldn't be improved,9234
Couldn't be improved,8499
Care received,2123
Couldn't be improved,9199
Staff,7328
Transition/coordination,850
Care received,5758
Staff,7484
Care received,7791
Access,4379
Staff,7450
Staff,8019
Care received,3482
Staff,10180
Staff,5068
Staff,6910
Dignity,1215
Staff,3346
Care received,3676
Care received,3619
Care received,2513
Environment/ facilities,7541
Care received,4973
Environment/ facilities,10087
Couldn't be improved,4239
Care received,1036
Staff,5837
Staff,8739
Care received,10329
Care received,3115
Care received,2751
Communication,3388
Care received,10260
Care received,3977
Care received,1612
Staff,6363
Staff,7887
Environment/ facilities,8732
Staff,7871
Dignity,3708
Staff,6982
Couldn't be improved,160
Staff,7191
Communication,1299
Couldn't be improved,629
Couldn't be improved,9196
Staff,5859
Couldn't be improved,9686
Couldn't be improved,9384
Staff,7310
Care received,2870
Staff,4856
Environment/ facilities,266
Care received,4695
Care received,2543
Staff,7550
Staff,992
Staff,7819
Care received,2432
Environment/ facilities,8558
Communication,3997
Staff,6395
Care received,4566
Miscellaneous,529
Staff,7557
Environment/ facilities,10240
Care received,3973
Staff,4466
Staff,4869
Staff,2502
Staff,2516
Communication,2237
Access,4804
Care received,2794
Environment/ facilities,180
Staff,7412
Care received,8004
Care received,312
Staff,5507
Staff,5182
Staff,7693
Environment/ facilities,1107
Care received,821
Couldn't be improved,9241
Transition/coordination,8565
Care received,2500
Transition/coordination,916
Staff,4634
Care received,3812
Care received,7857
Staff,7417
Staff,7714
Communication,3389
Staff,5722
Care received,429
Staff,9939
Communication,5844
Staff,7586
Care received,1094
Staff,6064
Environment/ facilities,43
Staff,10096
Communication,5764
Access,7265
Staff,6319
Environment/ facilities,10002
Care received,3533
Care received,1753
Staff,6354
Care received,8082
Staff,5233
Environment/ facilities,5842
Staff,6316
Care received,7931
Couldn't be improved,8841
Staff,7483
Couldn't be improved,8898
Staff,8330
Care received,10264
Staff,7147
Couldn't be improved,8905
Communication,936
Dignity,485
Staff,3604
Staff,8443
Care received,3552
Staff,7318
Access,7905
Access,10192
Access,5650
Couldn't be improved,8874
Care received,10263
Communication,954
Couldn't be improved,9228
Couldn't be improved,9169
Care received,7778
Staff,6812
Care received,5313
Staff,7345
Staff,1322
Couldn't be improved,9713
Care received,835
Staff,1366
Couldn't be improved,8140
Staff,1282
Care received,5797
Care received,928
Access,1355
Care received,3860
Care received,7785
Couldn't be improved,8978
Staff,7651
Care received,394
Environment/ facilities,614
Staff,4899
Staff,7411
Care received,7249
Care received,1250
Environment/ facilities,5022
Staff,3879
Environment/ facilities,8436
Care received,8491
Care received,4021
Couldn't be improved,9793
Environment/ facilities,8353
Staff,7232
Care received,5767
Couldn't be improved,4489
Care received,1264
Couldn't be improved,7128
Care received,3832
Couldn't be improved,8448
Staff,8229
Communication,4725
Care received,1628
Care received,4735
Miscellaneous,6407
Staff,5353
Staff,7671
Care received,3386
Couldn't be improved,9120
Care received,6184
Communication,512
Care received,2442
Miscellaneous,6440
Care received,2059
Dignity,1888
Care received,1327
Couldn't be improved,7129
Care received,8404
Staff,3922
Communication,1379
Couldn't be improved,9213
Staff,6270
Care received,5497
Care received,3417
Care received,3822
Care received,4043
Care received,4984
Care received,6242
Couldn't be improved,9530
Care received,1269
Communication,2371
Care received,5044
Communication,4448
Couldn't be improved,8822
Staff,6575
Care received,4227
Staff,5266
Care received,8156
Staff,1123
Couldn't be improved,514
Care received,2854
Care received,2805
Couldn't be improved,2618
Communication,2076
Access,882
Couldn't be improved,9202
Staff,6542
Care received,3357
Communication,7947
Miscellaneous,8930
Staff,4533
Staff,6682
Care received,3699
Staff,5631
Couldn't be improved,9303
Couldn't be improved,9672
Communication,163
Environment/ facilities,10135
Couldn't be improved,9748
Care received,2977
Couldn't be improved,9740
Staff,6912
Care received,1030
Access,2641
Staff,7229
Staff,2956
Staff,1002
Staff,7760
Staff,3978
Couldn't be improved,10200
Couldn't be improved,9843
Care received,6617
Staff,6585
Staff,5946
Care received,8326
Dignity,6085
Staff,6942
Care received,5498
Couldn't be improved,9020
Couldn't be improved,8829
Care received,3054
Couldn't be improved,9397
Staff,5194
Care received,3763
Care received,6823
Staff,8230
Couldn't be improved,9674
Care received,5027
Care received,8038
Care received,2779
Couldn't be improved,8767
Environment/ facilities,10127
Care received,8578
Environment/ facilities,8066
Care received,6141
Transition/coordination,10043
Care received,5443
Transition/coordination,1484
Couldn't be improved,9825
Couldn't be improved,9447
Communication,177
Couldn't be improved,9589
Staff,4857
Access,880
Environment/ facilities,1011
Transition/coordination,4260
Staff,7326
Dignity,501
Staff,2615
Staff,3856
Staff,5630
Care received,273
Care received,2609
Care received,3713
Care received,8440
Couldn't be improved,9324
Care received,2145
Couldn't be improved,8871
Care received,3668
Care received,3962
Staff,5152
Care received,4562
Staff,5822
Care received,2986
Care received,5660
Care received,1203
Care received,6532
Access,4674
Transition/coordination,8257
Staff,4701
Staff,5230
Miscellaneous,3070
Communication,1129
Staff,9894
Staff,5895
Environment/ facilities,10191
Environment/ facilities,1
Care received,5734
Staff,7834
Staff,3288
Couldn't be improved,9021
Staff,10109
Staff,3530
Couldn't be improved,8884
Care received,4992
Staff,8072
Miscellaneous,965
Staff,1462
Access,843
Dignity,5765
Staff,7587
Couldn't be improved,4087
Environment/ facilities,7692
Care received,6859
Care received,6683
Staff,6344
Care received,2585
Care received,3702
Staff,1830
Staff,5186
Staff,7615
Staff,5858
Care received,2812
Couldn't be improved,9971
Staff,7637
Staff,7390
Couldn't be improved,9077
Care received,6140
Access,4292
Staff,2793
Staff,7500
Care received,4876
Couldn't be improved,8828
Care received,4632
Staff,7208
Couldn't be improved,9616
Care received,2056
Staff,2592
Transition/coordination,8386
Staff,6003
Staff,3918
Miscellaneous,8938
Care received,2038
Care received,3078
Couldn't be improved,9681
Miscellaneous,1801
Couldn't be improved,8860
Staff,5018
Staff,6033
Access,795
Care received,3427
Care received,4098
Miscellaneous,1013
Care received,3557
Dignity,2384
Staff,6331
Staff,1342
Care received,299
Care received,4863
Staff,6241
Care received,4924
Care received,5664
Care received,6101
Staff,7642
Environment/ facilities,8438
Staff,7351
Care received,4175
Staff,4615
Care received,4440
Care received,3980
Care received,4613
Care received,9999
Care received,4723
Staff,7275
Communication,5257
Care received,4236
Staff,7576
Access,4419
Transition/coordination,1744
Couldn't be improved,9800
Care received,5464
Miscellaneous,2626
Staff,5960
Staff,7602
Communication,2240
Staff,10080
Care received,7908
Care received,3437
Staff,6789
Transition/coordination,4377
Staff,5515
Staff,7456
Access,912
Couldn't be improved,6253
Care received,3187
Staff,6817
Transition/coordination,2597
Staff,5884
Access,3762
Care received,4748
Couldn't be improved,37
Couldn't be improved,9017
Communication,1243
Staff,6486
Care received,6487
Couldn't be improved,9888
Staff,6061
Access,540
Care received,2789
Staff,4936
Care received,7533
Communication,1318
Care received,5293
Care received,5471
Environment/ facilities,5210
Environment/ facilities,4136
Environment/ facilities,4275
Environment/ facilities,10151
Care received,2004
Access,8631
Staff,7564
Care received,4495
Staff,3616
Couldn't be improved,8487
Couldn't be improved,8854
Environment/ facilities,6224
Care received,5287
Environment/ facilities,385
Care received,6877
Access,3709
Communication,124
Staff,6687
Care received,4563
Staff,3184
Staff,6123
Staff,6751
Care received,3589
Couldn't be improved,8914
Staff,7763
Transition/coordination,3645
Couldn't be improved,579
Couldn't be improved,9871
Staff,10035
Care received,4975
Care received,5405
Care received,370
Staff,7363
Communication,1222
Miscellaneous,6403
Care received,4944
Dignity,4272
Staff,6254
Access,1240
Environment/ facilities,10148
Communication,2772
Care received,3436
Staff,7591
Staff,575
Staff,6548
Staff,1757
Care received,4160
Care received,1714
Environment/ facilities,4421
Couldn't be improved,8548
Staff,3143
Staff,2895
Care received,5135
Couldn't be improved,8912
Care received,4220
Staff,3376
Staff,7463
Staff,2405
Staff,7435
Couldn't be improved,9717
Care received,2527
Couldn't be improved,9495
Care received,5424
Couldn't be improved,9362
Environment/ facilities,6271
Care received,4415
Staff,7192
Access,1220
Care received,5493
Couldn't be improved,9618
Care received,5609
Staff,1364
Care received,6653
Communication,4332
Staff,1254
Communication,4000
Care received,3777
Transition/coordination,8056
Access,656
Staff,7571
Couldn't be improved,9647
Communication,3597
Couldn't be improved,7150
Care received,6401
Staff,3007
Staff,6911
Communication,4406
Couldn't be improved,9286
Access,2178
Couldn't be improved,152
Staff,5639
Care received,5014
Transition/coordination,4733
Care received,5442
Transition/coordination,1597
Couldn't be improved,4084
Communication,3608
Staff,6129
Couldn't be improved,1922
Communication,3244
Care received,3189
Environment/ facilities,7726
Miscellaneous,3035
Access,4953
Transition/coordination,660
Care received,1878
Staff,4785
Couldn't be improved,9649
Care received,4716
Care received,1047
Environment/ facilities,10311
Care received,3430
Staff,4595
Staff,10272
Care received,897
Care received,9880
Couldn't be improved,9585
Couldn't be improved,9340
Staff,2958
Transition/coordination,7567
Staff,8723
Transition/coordination,8164
Staff,2363
Environment/ facilities,83
Access,79
Care received,6715
Couldn't be improved,9583
Miscellaneous,3082
Care received,6842
Staff,806
Care received,2919
Staff,1022
Care received,945
Environment/ facilities,676
Access,6858
Communication,4263
Transition/coordination,600
Dignity,4879
Care received,4683
Couldn't be improved,9704
Couldn't be improved,8818
Environment/ facilities,8308
Staff,8972
Access,4320
Care received,5004
Environment/ facilities,10225
Care received,5509
Staff,6280
Environment/ facilities,8064
Communication,2998
Staff,7575
Staff,5628
Staff,3041
Transition/coordination,4179
Care received,2703
Transition/coordination,440
Couldn't be improved,9559
Couldn't be improved,9883
Environment/ facilities,4228
Couldn't be improved,778
Communication,5292
Couldn't be improved,9488
Care received,7525
Staff,2210
Care received,4789
Care received,7262
Staff,7568
Care received,4525
Care received,2139
Staff,5185
Care received,6778
Transition/coordination,8636
Care received,6493
Care received,9973
Staff,6187
Environment/ facilities,747
Dignity,4617
Staff,8488
Care received,8582
Staff,7182
Staff,6522
Care received,7843
Care received,1591
Couldn't be improved,8798
Couldn't be improved,9612
Staff,7386
Dignity,8018
Care received,1862
Care received,644
Couldn't be improved,9599
Care received,3953
Care received,3609
Couldn't be improved,9150
Environment/ facilities,6795
Care received,4790
Staff,10274
Care received,1307
Environment/ facilities,10279
Environment/ facilities,7317
Care received,7257
Care received,3532
Staff,2768
Miscellaneous,95
Care received,6556
Couldn't be improved,9448
Care received,3967
Staff,5629
Care received,4528
Miscellaneous,251
Care received,1566
Communication,4012
Access,556
Couldn't be improved,8970
Couldn't be improved,387
Staff,3838
Access,1789
Couldn't be improved,9866
Care received,3773
Couldn't be improved,457
Care received,4492
Care received,3481
Environment/ facilities,10005
Care received,5679
Couldn't be improved,7033
Staff,994
Care received,1569
Staff,7883
Care received,1233
Couldn't be improved,9140
Couldn't be improved,9749
Communication,2441
Care received,8006
Couldn't be improved,9861
Environment/ facilities,8157
Staff,7473
Dignity,1653
Communication,3396
Care received,2404
Access,140
Staff,1344
Environment/ facilities,8682
Care received,4667
Staff,6567
Care received,2914
Care received,5648
Care received,2878
Miscellaneous,8260
Couldn't be improved,9151
Care received,6181
Staff,1024
Staff,2905
Care received,3550
Environment/ facilities,4207
Care received,363
Staff,7829
Care received,8114
Care received,8407
Staff,6338
Communication,5075
Care received,3847
Couldn't be improved,9099
Dignity,2470
Access,1936
Miscellaneous,1521
Communication,2063
Care received,2162
Couldn't be improved,8785
Communication,5050
Care received,4438
Staff,2659
Staff,6801
Couldn't be improved,7095
Staff,1208
Environment/ facilities,1799
Staff,989
Care received,2773
Staff,1289
Care received,2833
Couldn't be improved,9820
Care received,3337
Staff,4050
Transition/coordination,889
Staff,6236
Communication,4707
Care received,1644
Staff,8286
Staff,7367
Staff,6006
Staff,10262
Staff,4814
Staff,956
Care received,3410
Care received,1392
Staff,7656
Care received,4763
Dignity,1340
Couldn't be improved,564
Staff,4794
Care received,4925
Staff,4998
Staff,2739
Couldn't be improved,8782
Couldn't be improved,9379
Couldn't be improved,10216
Couldn't be improved,783
Care received,5508
Staff,8919
Care received,6691
Environment/ facilities,398
Couldn't be improved,8910
Care received,6814
Staff,2677
Care received,2023
Staff,6052
Care received,8045
Couldn't be improved,9468
Care received,1410
Couldn't be improved,9633
Staff,2165
Couldn't be improved,10201
Dignity,764
Staff,2219
Staff,6903
Transition/coordination,1934
Couldn't be improved,7965
Staff,5669
Staff,6279
Care received,593
Care received,5346
Couldn't be improved,9677
Care received,3544
Care received,6188
Care received,4511
Care received,1754
Couldn't be improved,9592
Care received,3099
Care received,3161
Staff,6860
Environment/ facilities,7952
Access,100
Care received,3569
Transition/coordination,4572
Couldn't be improved,8951
Staff,4817
Environment/ facilities,8102
Environment/ facilities,8145
Communication,5647
Care received,3413
Access,10022
Couldn't be improved,10215
Care received,5587
Staff,2834
Communication,1825
Staff,7694
Care received,2147
Couldn't be improved,9483
Communication,5864
Staff,1887
Care received,3295
Staff,8719
Couldn't be improved,7082
Access,904
Transition/coordination,214
Care received,6484
Care received,4986
Care received,8315
Care received,7878
Care received,1124
Staff,2893
Communication,905
Environment/ facilities,532
Couldn't be improved,290
Environment/ facilities,8624
Couldn't be improved,224
Transition/coordination,732
Staff,2556
Staff,3498
Couldn't be improved,8117
Communication,196
Staff,4884
Environment/ facilities,8108
Care received,1730
Couldn't be improved,9549
Care received,3541
Access,5114
Couldn't be improved,9869
Care received,2726
Access,7266
Care received,1291
Staff,2738
Staff,1526
Staff,1827
Care received,5496
Care received,4168
Care received,8603
Staff,7189
Staff,7540
Miscellaneous,6414
Transition/coordination,738
Care received,677
Staff,7635
Couldn't be improved,9387
Care received,1075
Couldn't be improved,9385
Care received,3366
Care received,1587
Care received,4788
Staff,6098
Care received,5657
Care received,147
Staff,5095
Care received,3301
Communication,5578
Staff,2631
Miscellaneous,8302
Staff,7319
Care received,1066
Staff,10104
Environment/ facilities,8158
Dignity,1682
Communication,5556
Staff,1029
Care received,872
Staff,10110
Staff,2722
Staff,8725
Staff,2723
Couldn't be improved,9646
Care received,6630
Couldn't be improved,9452
Couldn't be improved,7160
Environment/ facilities,8227
Couldn't be improved,9652
Care received,5478
Communication,2617
Couldn't be improved,9109
Care received,1800
Care received,3630
Transition/coordination,7978
Staff,2227
Communication,2213
Care received,6457
Care received,36
Care received,5472
Couldn't be improved,9597
Communication,1958
Access,1032
Couldn't be improved,4124
Couldn't be improved,8124
Care received,596
Staff,10248
Couldn't be improved,9071
Environment/ facilities,642
Couldn't be improved,9170
Access,1306
Couldn't be improved,9723
Care received,3152
Couldn't be improved,9762
Staff,6864
Communication,587
Staff,7416
Communication,5917
Care received,2957
Environment/ facilities,8385
Staff,5846
Care received,2970
Staff,3259
Couldn't be improved,8868
Staff,7607
Communication,2166
Environment/ facilities,7960
Care received,285
Miscellaneous,3056
Care received,3377
Staff,7415
Access,4321
Access,4247
Environment/ facilities,5206
Couldn't be improved,9790
Care received,788
Staff,7400
Staff,7734
Communication,121
Care received,1670
Care received,3715
Care received,2258
Miscellaneous,6427
Care received,261
Access,1716
Environment/ facilities,1624
Staff,7429
Care received,1706
Care received,2335
Couldn't be improved,9827
Care received,2471
Care received,6686
Miscellaneous,8963
Staff,4356
Care received,5622
Couldn't be improved,7172
Care received,895
Care received,7494
Communication,3939
Staff,5830
Couldn't be improved,9098
Care received,1781
Communication,3285
Staff,5701
Care received,1314
Staff,3780
Staff,6228
Couldn't be improved,4112
Staff,8447
Care received,2115
Staff,4342
Care received,3821
Care received,7206
Couldn't be improved,8774
Couldn't be improved,804
Staff,6145
Care received,6837
Couldn't be improved,9707
Access,7227
Miscellaneous,8973
Communication,499
Care received,3554
Staff,1538
Access,7203
Care received,4381
Transition/coordination,5915
Care received,10247
Care received,2218
Couldn't be improved,9892
Environment/ facilities,4956
Staff,3393
Transition/coordination,4499
Couldn't be improved,8783
Staff,7290
Care received,8195
Care received,4772
Staff,4652
Care received,6786
Couldn't be improved,8131
Care received,253
Access,63
Care received,4350
Care received,4916
Staff,5082
Couldn't be improved,8814
Couldn't be improved,4483
Staff,6023
Care received,6677
Care received,2711
Staff,6149
Care received,6083
Communication,2439
Couldn't be improved,9868
Staff,333
Care received,5673
Staff,2892
Staff,6937
Staff,6172
Couldn't be improved,9346
Access,4397
Staff,7387
Care received,4919
Care received,2680
Communication,6869
Care received,3888
Care received,2155
Care received,4847
Miscellaneous,3019
Miscellaneous,8290
Couldn't be improved,209
Staff,1703
Staff,5582
Couldn't be improved,9926
Staff,6102
Staff,7840
Environment/ facilities,7292
Staff,5372
Couldn't be improved,4031
Care received,6762
Staff,3105
Couldn't be improved,4126
Couldn't be improved,9095
Care received,4675
Couldn't be improved,9914
Staff,354
Staff,5252
Access,8154
Staff,6632
Couldn't be improved,9274
Couldn't be improved,7110
Care received,2997
Staff,1188
Staff,4222
Staff,2482
Care received,3464
Care received,5286
Staff,6771
Care received,10221
Staff,5775
Care received,1701
Care received,1739
Staff,7348
Care received,449
Care received,2299
Environment/ facilities,798
Transition/coordination,8212
Miscellaneous,8284
Staff,5850
Care received,1044
Care received,5798
Staff,10185
Care received,7806
Staff,7638
Care received,1689
Couldn't be improved,9024
Staff,3583
Staff,2900
Care received,4351
Care received,6090
Dignity,8050
Access,5304
Environment/ facilities,3889
Environment/ facilities,5177
Care received,5362
Transition/coordination,713
Miscellaneous,186
Staff,960
Care received,1302
Staff,10094
Care received,2766
Couldn't be improved,8810
Dignity,9950
Care received,6648
Care received,10326
Couldn't be improved,9075
Staff,7767
Care received,8621
Staff,6038
Access,2940
Care received,211
Staff,7238
Care received,1358
Couldn't be improved,9906
Couldn't be improved,8864
Care received,1991
Couldn't be improved,9
Care received,565
Care received,8413
Couldn't be improved,9423
Transition/coordination,4217
Care received,1202
Staff,2314
Care received,6447
Transition/coordination,719
Staff,7369
Staff,2541
Care received,6080
Transition/coordination,1736
Access,1677
Communication,5723
Couldn't be improved,9282
Couldn't be improved,9420
Care received,3658
Care received,6754
Care received,2140
Environment/ facilities,2292
Couldn't be improved,8957
Couldn't be improved,8952
Staff,2881
Care received,8339
Care received,5553
Couldn't be improved,9312
Staff,3222
Couldn't be improved,4101
Access,7923
Staff,6379
Care received,4314
Communication,4700
Care received,3422
Dignity,3515
Care received,3858
Communication,3993
Staff,6028
Staff,3705
Couldn't be improved,8926
Staff,10165
Care received,5826
Environment/ facilities,74
Communication,2598
Couldn't be improved,8863
Transition/coordination,970
Couldn't be improved,8476
Staff,2203
Care received,6924
Care received,3163
Care received,7895
Couldn't be improved,9364
Couldn't be improved,8893
Environment/ facilities,8697
Transition/coordination,705
Care received,2385
Communication,2086
Access,5742
Couldn't be improved,9909
Communication,1977
Communication,1643
Environment/ facilities,3782
Communication,3804
Care received,6494
Staff,2296
Care received,3474
Staff,4509
Staff,5732
Care received,2547
Staff,3508
Staff,7391
Communication,4238
Care received,7235
Couldn't be improved,8219
Communication,1489
Environment/ facilities,3214
Couldn't be improved,6259
Staff,7812
Environment/ facilities,2621
Care received,6261
Care received,5972
Care received,3691
Staff,7343
Environment/ facilities,2234
Care received,4619
Couldn't be improved,9671
Couldn't be improved,9552
Staff,5376
Couldn't be improved,9657
Communication,329
Dignity,1080
Couldn't be improved,9460
Environment/ facilities,10229
Staff,10076
Staff,7335
Staff,1234
Couldn't be improved,4117
Care received,3382
Care received,405
Care received,2143
Care received,3655
Care received,5128
Staff,1629
Couldn't be improved,9506
Couldn't be improved,8811
Care received,5428
Staff,7178
Care received,2408
Staff,7599
Miscellaneous,803
Staff,1193
Staff,2054
Staff,7534
Couldn't be improved,9449
Communication,2068
Couldn't be improved,9425
Staff,7395
Couldn't be improved,8923
Staff,5949
Care received,3435
Staff,5017
Couldn't be improved,9771
Staff,4060
Staff,6048
Care received,3217
Care received,1545
Care received,6097
Couldn't be improved,9003
Care received,2141
Staff,8248
Communication,2362
Staff,7589
Care received,10062
Communication,226
Care received,1192
Care received,7358
Care received,5031
Access,4387
Couldn't be improved,9619
Care received,3549
Care received,4747
Care received,2848
Communication,3871
Staff,10057
Miscellaneous,3076
Couldn't be improved,9935
Couldn't be improved,8808
Staff,6031
Care received,2052
Care received,7892
Communication,2591
Staff,5663
Miscellaneous,6406
Couldn't be improved,9281
Couldn't be improved,7166
Staff,6328
Transition/coordination,8171
Transition/coordination,1048
Environment/ facilities,4245
Couldn't be improved,9838
Care received,2040
Care received,7943
Staff,5834
Couldn't be improved,7137
Couldn't be improved,9206
Dignity,2185
Staff,2717
Couldn't be improved,9308
Care received,8427
Environment/ facilities,10156
Communication,8639
Communication,2576
Environment/ facilities,5136
Staff,7407
Care received,1417
Environment/ facilities,8428
Environment/ facilities,1550
Care received,4516
Communication,10314
Access,5092
Staff,4849
Couldn't be improved,9365
Care received,4605
Care received,7802
Communication,3992
Care received,2181
Communication,3310
Care received,10273
Staff,7457
Staff,2321
Staff,4952
Couldn't be improved,16
Staff,3625
Staff,2967
Staff,8303
Care received,639
Staff,3714
Staff,2272
Transition/coordination,1713
Couldn't be improved,280
Transition/coordination,5164
Care received,4531
Staff,7824
Environment/ facilities,10170
Couldn't be improved,4107
Care received,2017
Couldn't be improved,8469
Couldn't be improved,6301
Communication,2125
Staff,9849
Care received,7990
Couldn't be improved,317
Communication,5398
Care received,5708
Staff,8333
Staff,1433
Access,901
Care received,8446
Dignity,6802
Staff,7555
Staff,6296
Staff,8419
Care received,3180
Care received,7933
Staff,6010
Staff,8133
Care received,2948
Care received,3851
Communication,2733
Access,4796
Staff,1508
Environment/ facilities,10122
Care received,8306
Staff,6676
Care received,3529
Staff,6977
Staff,7849
Care received,5757
Communication,4902
Care received,2926
Access,450
Care received,1553
Staff,4838
Environment/ facilities,3561
Couldn't be improved,8222
Communication,5058
Care received,8754
Communication,3591
Care received,7820
Staff,2380
Staff,7355
Care received,1305
Transition/coordination,1889
Care received,6287
Staff,4463
Communication,2955
Couldn't be improved,9393
Couldn't be improved,9544
Environment/ facilities,8043
Communication,2157
Couldn't be improved,9356
Care received,5015
Care received,4329
Transition/coordination,8044
Care received,7724
Care received,1871
Couldn't be improved,890
Staff,8001
Care received,7552
Couldn't be improved,4123
Transition/coordination,917
Communication,930
Couldn't be improved,6283
Staff,10252
Care received,131
Couldn't be improved,9537
Couldn't be improved,9347
Staff,5756
Couldn't be improved,9211
Care received,8610
Care received,6615
Dignity,2525
Staff,3652
Care received,4550
Staff,2347
Care received,7204
Staff,6335
Staff,6604
Care received,2682
Access,4682
Care received,3368
Staff,7446
Couldn't be improved,9032
Staff,2742
Environment/ facilities,9954
Communication,1786
Communication,6404
Care received,3365
Staff,1395
Staff,5649
Staff,6024
Communication,8087
Access,4678
Couldn't be improved,8134
Couldn't be improved,9040
Couldn't be improved,8501
Transition/coordination,8674
Staff,7601
Environment/ facilities,2072
Couldn't be improved,1502
Care received,4679
Care received,3183
Couldn't be improved,9417
Care received,5410
Care received,983
Staff,1178
Care received,6474
Care received,3603
Miscellaneous,8256
Couldn't be improved,8995
Environment/ facilities,8627
Couldn't be improved,9796
Couldn't be improved,6258
Staff,4768
Couldn't be improved,9127
Care received,1764
Care received,8393
Miscellaneous,6422
Access,4150
Staff,9959
Care received,2856
Care received,4041
Couldn't be improved,7122
Staff,7652
Staff,572
Care received,5432
Transition/coordination,10017
Care received,3383
Couldn't be improved,9664
Care received,2317
Couldn't be improved,9568
Care received,2407
Miscellaneous,65
Couldn't be improved,9377
Staff,7606
Care received,2142
Care received,1611
Couldn't be improved,9477
Environment/ facilities,8365
Environment/ facilities,434
Staff,6832
Dignity,6731
Staff,3743
Staff,5719
Staff,8232
Couldn't be improved,9639
Staff,8251
Couldn't be improved,9064
Staff,1237
Access,154
Staff,4681
Staff,6117
Staff,8254
Staff,6045
Care received,3230
Environment/ facilities,4282
Couldn't be improved,9930
Care received,4151
Care received,1721
Care received,8345
Staff,7818
Care received,5646
Environment/ facilities,8748
Environment/ facilities,8226
Staff,7919
Staff,5831
Care received,6348
Environment/ facilities,4754
Staff,7231
Couldn't be improved,9426
Environment/ facilities,432
Couldn't be improved,8966
Communication,1971
Care received,6428
Care received,5037
Couldn't be improved,302
Couldn't be improved,7011
Care received,7864
Staff,4875
Care received,3418
Communication,8672
Staff,5063
Care received,3717
Communication,5148
Care received,4567
Couldn't be improved,9189
Staff,2847
Care received,6081
Access,6870
Care received,3367
Staff,10269
Staff,7925
Care received,979
Care received,1158
Staff,1454
Care received,8656
Staff,6963
Care received,4411
Care received,5531
Staff,1803
Couldn't be improved,9852
Communication,8217
Care received,3108
Environment/ facilities,5143
Care received,2690
Staff,6324
Couldn't be improved,7135
Access,1536
Staff,5755
Staff,10162
Communication,1579
Communication,1375
Access,900
Staff,6990
Staff,265
Transition/coordination,6782
Staff,4980
Communication,7906
Couldn't be improved,9832
Dignity,8343
Care received,1833
Staff,5638
Care received,6463
Staff,6041
Couldn't be improved,5674
Staff,7223
Care received,8685
Staff,5696
Staff,5992
Communication,2003
Couldn't be improved,8911
Couldn't be improved,9132
Care received,7875
Communication,1729
Communication,690
Care received,8651
Staff,7617
Couldn't be improved,7025
Couldn't be improved,7002
Care received,4816
Staff,7673
Care received,6229
Staff,7347
Transition/coordination,496
Communication,3913
Care received,2753
Couldn't be improved,8845
Couldn't be improved,8480
Care received,5618
Care received,4403
Care received,4988
Staff,1766
Transition/coordination,5295
Environment/ facilities,4235
Couldn't be improved,9168
Communication,2523
Staff,7842
Care received,696
Staff,1586
Environment/ facilities,236
Care received,213
Couldn't be improved,22
Couldn't be improved,9178
Miscellaneous,8273
Staff,1963
Staff,4872
Couldn't be improved,9266
Access,4295
Care received,1858
Staff,8026
Couldn't be improved,9540
Couldn't be improved,10320
Miscellaneous,8921
Staff,10097
Care received,8686
Staff,7657
Care received,6515
Staff,7719
Access,8390
Care received,4650
Communication,4687
Care received,2898
Couldn't be improved,9116
Environment/ facilities,278
Staff,7162
Staff,7941
Care received,3371
Environment/ facilities,418
Care received,6444
Couldn't be improved,9878
Transition/coordination,5246
Communication,6527
Staff,7527
Care received,8584
Miscellaneous,949
Transition/coordination,1865
Communication,1480
Communication,8160
Care received,4808
Communication,5103
Staff,125
Access,9980
Care received,6170
Staff,7645
Couldn't be improved,9666
Couldn't be improved,1944
Access,8433
Transition/coordination,8214
Staff,1443
Transition/coordination,2820
Couldn't be improved,9622
Care received,4784
Environment/ facilities,6341
Access,599
Dignity,4340
Miscellaneous,4129
Staff,5969
Staff,1421
Transition/coordination,10120
Care received,5924
Staff,7380
Staff,2250
Environment/ facilities,3522
Environment/ facilities,8577
Staff,6439
Communication,3998
Staff,1773
Environment/ facilities,2112
Access,1879
Environment/ facilities,3872
Care received,5416
Environment/ facilities,8437
Care received,8992
Care received,1312
Couldn't be improved,4078
Care received,6785
Care received,3512
Communication,5874
Couldn't be improved,9442
Care received,8614
Environment/ facilities,7994
Care received,4591
Care received,8613
Couldn't be improved,9123
Staff,5959
Staff,5979
Care received,10042
Couldn't be improved,9941
Staff,4653
Care received,4454
Care received,925
Communication,4644
Transition/coordination,800
Staff,5026
Care received,858
Couldn't be improved,9078
Care received,5215
Care received,6555
Couldn't be improved,8873
Staff,7190
Couldn't be improved,9944
Communication,4001
Care received,5302
Staff,7378
Access,117
Transition/coordination,9957
Staff,5867
Couldn't be improved,9359
Environment/ facilities,8750
Care received,1200
Care received,5438
Staff,5517
Care received,3687
Care received,6146
Staff,3907
Staff,3399
Care received,2774
Care received,3005
Care received,4993
Care received,3356
Staff,6554
Staff,3633
Couldn't be improved,9230
Care received,10045
Staff,2857
Care received,8534
Environment/ facilities,6654
Staff,8047
Couldn't be improved,9402
Staff,7175
Couldn't be improved,9931
Access,781
Environment/ facilities,1813
Care received,5437
Staff,2130
Staff,5283
Care received,6609
Environment/ facilities,10223
Care received,3518
Couldn't be improved,8870
Environment/ facilities,8693
Couldn't be improved,9163
Transition/coordination,1196
Dignity,6706
Care received,4995
Care received,6792
Staff,6855
Care received,3749
Couldn't be improved,9382
Access,238
Communication,1578
Care received,4178
Staff,6902
Couldn't be improved,9383
Miscellaneous,3055
Care received,2929
Staff,104
Transition/coordination,2704
Staff,1949
Couldn't be improved,9787
Staff,7558
Staff,4442
Care received,6497
Staff,1926
Access,679
Staff,7876
Communication,4539
Care received,4347
Communication,3917
Couldn't be improved,9373
Care received,20
Staff,7566
Staff,939
Care received,3381
Care received,6891
Miscellaneous,4055
Communication,1457
Couldn't be improved,9812
Environment/ facilities,497
Staff,6579
Dignity,123
Care received,1798
Care received,1756
Couldn't be improved,9856
Couldn't be improved,9877
Couldn't be improved,7088
Care received,4184
Staff,4554
Couldn't be improved,9696
Couldn't be improved,9456
Communication,4008
Care received,5327
Staff,1031
Environment/ facilities,56
Environment/ facilities,8986
Couldn't be improved,8468
Couldn't be improved,9262
Couldn't be improved,9494
Care received,5355
Couldn't be improved,9028
Transition/coordination,4148
Care received,6764
Couldn't be improved,4198
Communication,4693
Miscellaneous,3080
Couldn't be improved,9659
Transition/coordination,4169
Couldn't be improved,9803
Environment/ facilities,8355
Environment/ facilities,3894
Miscellaneous,6430
Staff,6340
Care received,3818
Care received,5751
Access,863
Access,6969
Access,5226
Communication,3914
Staff,6671
Care received,1517
Couldn't be improved,9936
Staff,4797
Communication,3789
Staff,1515
Staff,6382
Transition/coordination,1742
Care received,1605
Care received,953
Couldn't be improved,9510
Staff,7825
Care received,2868
Care received,7995
Communication,6828
Care received,2011
Care received,4359
Care received,3416
Staff,7324
Care received,7532
Couldn't be improved,9493
Staff,832
Staff,7932
Couldn't be improved,9539
Staff,6584
Staff,2401
Care received,2668
Staff,2313
Miscellaneous,3016
Staff,5081
Staff,7741
Staff,3203
Staff,7334
Couldn't be improved,9932
Staff,7577
Couldn't be improved,9507
Care received,8039
Couldn't be improved,7125
Care received,8673
Care received,2642
Care received,3767
Communication,1345
Staff,3223
Couldn't be improved,9474
Care received,3126
Staff,68
Access,8671
Environment/ facilities,344
Staff,5393
Care received,581
Transition/coordination,8177
Care received,887
Communication,2331
Staff,711
Couldn't be improved,7168
Care received,3025
Care received,5010
Staff,1996
Couldn't be improved,9013
Care received,3012
Couldn't be improved,9730
Transition/coordination,5637
Couldn't be improved,9761
Care received,466
Environment/ facilities,4901
Access,7685
Miscellaneous,3060
Care received,3294
Couldn't be improved,8880
Couldn't be improved,9916
Staff,7611
Couldn't be improved,7083
Staff,4064
Staff,3937
Care received,8655
Care received,8761
Miscellaneous,8301
Care received,3956
Care received,5352
Communication,5599
Transition/coordination,10051
Care received,3742
Staff,1105
Staff,5748
Staff,8941
Staff,1361
Environment/ facilities,2821
Care received,3728
Care received,5408
Miscellaneous,8933
Care received,7718
Care received,8411
Care received,657
Care received,170
Staff,3449
Couldn't be improved,9692
Care received,323
Miscellaneous,3040
Couldn't be improved,9912
Care received,6216
